epoch,val_acc,loss_value
0,0.541025641025641,0.693042774382965
1,0.541025641025641,0.6921979296227367
2,0.5564102564102564,0.6910050286655436
3,0.5666666666666667,0.6899008224325349
4,0.5717948717948718,0.688807833132646
5,0.5692307692307692,0.6876395124774268
6,0.5769230769230769,0.6863600461882131
7,0.5871794871794872,0.6849593982766393
8,0.6153846153846154,0.6834554889290104
9,0.6410256410256411,0.6818502100847184
10,0.6487179487179487,0.6801132267883471
11,0.6564102564102564,0.6782173900396072
12,0.6666666666666666,0.6761433328822612
13,0.6846153846153846,0.6738611493708995
14,0.7,0.6713431001219388
15,0.6974358974358974,0.6685484774495039
16,0.6948717948717948,0.6654455832014755
17,0.6974358974358974,0.6620262542771023
18,0.6974358974358974,0.6583179690419718
19,0.7,0.6544777204692172
20,0.7051282051282052,0.6505845210554342
21,0.7076923076923077,0.646625661952024
22,0.7153846153846154,0.6425680662097201
23,0.717948717948718,0.6383875632672305
24,0.7230769230769231,0.6340721266857691
25,0.7230769230769231,0.6296400081844583
26,0.7256410256410256,0.6250811719571429
27,0.7230769230769231,0.6203835619971654
28,0.7230769230769231,0.6155532182746991
29,0.7205128205128205,0.6106106922742124
30,0.7205128205128205,0.6055619993172314
31,0.7230769230769231,0.6004252863195004
32,0.7230769230769231,0.5952083133309906
33,0.7230769230769231,0.5899322705049205
34,0.7230769230769231,0.584639015239162
35,0.7230769230769231,0.5793534180039782
36,0.7307692307692307,0.5741057014869957
37,0.7307692307692307,0.5688995155673956
38,0.7230769230769231,0.5637583959825746
39,0.7230769230769231,0.55868728368548
40,0.7282051282051282,0.5536791290344731
41,0.7307692307692307,0.5487357708941499
42,0.7307692307692307,0.5438497460853935
43,0.7333333333333333,0.5390299878188946
44,0.7384615384615385,0.5342849553870233
45,0.7410256410256411,0.5297314791372207
46,0.7410256410256411,0.5253365325788015
47,0.7435897435897436,0.521168215372724
48,0.7461538461538462,0.5171947563452717
49,0.7461538461538462,0.5133600280212579
50,0.7461538461538462,0.5096526764979034
51,0.7461538461538462,0.5060575137310076
52,0.7461538461538462,0.5025626032224326
53,0.7487179487179487,0.4991557793260685
54,0.7512820512820513,0.4958300677538812
55,0.7538461538461538,0.4925818649965329
56,0.7538461538461538,0.4893968604165978
57,0.7538461538461538,0.4862573402530999
58,0.7538461538461538,0.48316273811000393
59,0.7538461538461538,0.4801221065150865
60,0.7564102564102564,0.4771201130217745
61,0.7589743589743589,0.4741613294543661
62,0.764102564102564,0.47123593005280273
63,0.7666666666666667,0.4683408838544671
64,0.7769230769230769,0.4654641470958683
65,0.7794871794871795,0.4626000361928386
66,0.7794871794871795,0.45975463072036504
67,0.7871794871794872,0.4569287599718384
68,0.7871794871794872,0.45413780778114227
69,0.7923076923076923,0.4513763164861063
70,0.7923076923076923,0.4486416728256014
71,0.7948717948717948,0.44593268713013945
72,0.8,0.4432516992289786
73,0.8,0.4406056651267083
74,0.8076923076923077,0.43799103913509385
75,0.8128205128205128,0.43540232565858455
76,0.8153846153846154,0.432839611733837
77,0.8179487179487179,0.43029881200065095
78,0.8179487179487179,0.4277801978464182
79,0.8205128205128205,0.4252798705764873
80,0.8205128205128205,0.42279766971118493
81,0.823076923076923,0.42033768688447976
82,0.823076923076923,0.41789593813988946
83,0.823076923076923,0.41547963508669833
84,0.823076923076923,0.41308882756263504
85,0.823076923076923,0.41072201488807536
86,0.8256410256410256,0.40837396231936646
87,0.8282051282051283,0.4060405736894873
88,0.8256410256410256,0.40373030303817775
89,0.8256410256410256,0.4014362660235561
90,0.8307692307692308,0.3991615282780692
91,0.8307692307692308,0.39690696093869693
92,0.8333333333333334,0.3946709251137113
93,0.8333333333333334,0.3924531656238916
94,0.8384615384615385,0.39025364352543435
95,0.8384615384615385,0.38807623280926695
96,0.841025641025641,0.38591972574017747
97,0.841025641025641,0.38377673134690987
98,0.8435897435897436,0.38164870077152396
99,0.8435897435897436,0.3795380567305448
100,0.8435897435897436,0.37744163643638173
101,0.8435897435897436,0.37535974244612125
102,0.8487179487179487,0.373292557469833
103,0.8512820512820513,0.3712456501675696
104,0.8512820512820513,0.3692156190752257
105,0.8512820512820513,0.36720072827360417
106,0.8564102564102564,0.3651995418961672
107,0.8564102564102564,0.3632105601717714
108,0.8589743589743589,0.36123705829746555
109,0.8564102564102564,0.35927630707645053
110,0.8589743589743589,0.3573285422455889
111,0.8589743589743589,0.35539388568851854
112,0.8589743589743589,0.35347273723007183
113,0.8589743589743589,0.3515669677886006
114,0.8589743589743589,0.34968042935649696
115,0.8589743589743589,0.34781170405425765
116,0.8589743589743589,0.3459599191473501
117,0.8615384615384616,0.34412409164609986
118,0.8589743589743589,0.34229870026535625
119,0.8589743589743589,0.34049134068212533
120,0.8615384615384616,0.3387011942308362
121,0.8615384615384616,0.33693262376654687
122,0.8615384615384616,0.33518245341772096
123,0.8615384615384616,0.33344735512377166
124,0.8615384615384616,0.33172925886387533
125,0.8589743589743589,0.33002644003816844
126,0.8564102564102564,0.32833166659349444
127,0.8589743589743589,0.326642373330436
128,0.8589743589743589,0.3249588543996072
129,0.8589743589743589,0.32327724004193165
130,0.8564102564102564,0.3216008527702149
131,0.8589743589743589,0.3199244581103373
132,0.8589743589743589,0.3182538953277336
133,0.8589743589743589,0.3165881789327021
134,0.8589743589743589,0.31493165127415307
135,0.8589743589743589,0.3132822837250321
136,0.8589743589743589,0.31164489988462307
137,0.8615384615384616,0.3100150146663477
138,0.8641025641025641,0.3083950957801302
139,0.8641025641025641,0.30678452657336175
140,0.8666666666666667,0.30518461003610287
141,0.8666666666666667,0.3035979079410341
142,0.8641025641025641,0.302023469918391
143,0.8641025641025641,0.30046131372808127
144,0.8589743589743589,0.2989120227387897
145,0.8615384615384616,0.2973745195503401
146,0.8615384615384616,0.29585294964092745
147,0.8615384615384616,0.29434549252204656
148,0.8615384615384616,0.2928475951630258
149,0.8589743589743589,0.29136453898174086
150,0.8589743589743589,0.2898955972463244
151,0.8615384615384616,0.2884418610463313
152,0.8615384615384616,0.2870003151166374
153,0.8615384615384616,0.285570432138722
154,0.8615384615384616,0.2841495077543993
155,0.8615384615384616,0.28273418087263436
156,0.8615384615384616,0.28132909912472176
157,0.8641025641025641,0.2799362157882639
158,0.8641025641025641,0.27855539203461627
159,0.8641025641025641,0.27718478033443134
160,0.8641025641025641,0.27582665653991767
161,0.8641025641025641,0.27447873080594154
162,0.8641025641025641,0.2731456210211259
163,0.8641025641025641,0.2718228762039306
164,0.8641025641025641,0.27051002746802383
165,0.8666666666666667,0.2692037739714805
166,0.8692307692307693,0.267896988453544
167,0.8717948717948718,0.2665958773104147
168,0.8717948717948718,0.2653037270727281
169,0.8717948717948718,0.2640199694044289
170,0.8717948717948718,0.2627505650285754
171,0.8717948717948718,0.2614909860981696
172,0.8717948717948718,0.26024193336076934
173,0.8743589743589744,0.25900129152080537
174,0.8743589743589744,0.257769864339771
175,0.8743589743589744,0.25654522857919704
176,0.8769230769230769,0.2553285314130066
177,0.8769230769230769,0.2541176663040697
178,0.8769230769230769,0.252911720763508
179,0.8794871794871795,0.25171533678524144
180,0.8794871794871795,0.25052734879356153
181,0.8794871794871795,0.2493487210728543
182,0.8794871794871795,0.2481779569274867
183,0.8794871794871795,0.24701759150333838
184,0.882051282051282,0.245865972427756
185,0.882051282051282,0.24472498855930952
186,0.882051282051282,0.24358936609368648
187,0.882051282051282,0.2424675561106408
188,0.882051282051282,0.24135413598547123
189,0.882051282051282,0.24025130277471135
190,0.882051282051282,0.23915716698629577
191,0.882051282051282,0.23807485225837158
192,0.8846153846153846,0.23699473373450755
193,0.8846153846153846,0.23592461866154424
194,0.8846153846153846,0.23486034878181852
195,0.8846153846153846,0.23380087945209255
196,0.8846153846153846,0.23275413337495043
197,0.8846153846153846,0.2317166205127103
198,0.8846153846153846,0.23068359475838646
199,0.8846153846153846,0.22966178622428934
200,0.8846153846153846,0.22863665069160194
201,0.8846153846153846,0.22761448723064026
202,0.8846153846153846,0.2266024325432854
203,0.8871794871794871,0.2256001830243075
204,0.8897435897435897,0.22461138653595542
205,0.8897435897435897,0.22363006030826907
206,0.8948717948717949,0.22265774068646155
207,0.8948717948717949,0.22169034496711695
208,0.8948717948717949,0.22072665764880012
209,0.8948717948717949,0.219766210873732
210,0.9,0.21880738951326142
211,0.9,0.2178604138478014
212,0.9,0.2169271729841241
213,0.9025641025641026,0.2160035692057069
214,0.9025641025641026,0.21509000972584957
215,0.9025641025641026,0.21418051511548053
216,0.9025641025641026,0.21327722526694357
217,0.9051282051282051,0.21237792964245195
218,0.9051282051282051,0.21147968295392694
219,0.9051282051282051,0.2105836348024951
220,0.9051282051282051,0.20969445908281273
221,0.9051282051282051,0.20881815172595464
222,0.9051282051282051,0.20795155959650047
223,0.9051282051282051,0.20709348368275232
224,0.9076923076923077,0.20624034311694425
225,0.9076923076923077,0.20539224416530774
226,0.9076923076923077,0.20454082191572545
227,0.9076923076923077,0.2036959709689201
228,0.9076923076923077,0.20285843255575303
229,0.9076923076923077,0.2020259137847312
230,0.9076923076923077,0.2011998132261669
231,0.9076923076923077,0.20038292092326487
232,0.9076923076923077,0.1995724905393081
233,0.9076923076923077,0.19876293488488894
234,0.9076923076923077,0.1979593004103027
235,0.9076923076923077,0.1971589450829605
236,0.9102564102564102,0.19636504826073325
237,0.9102564102564102,0.19557821540570702
238,0.9102564102564102,0.19479912080585554
239,0.9128205128205128,0.19402741649598051
240,0.9128205128205128,0.19326187680498003
241,0.9128205128205128,0.19250211603010414
242,0.9128205128205128,0.19173935381364696
243,0.9128205128205128,0.19097885422622532
244,0.9128205128205128,0.19022303181080802
245,0.9128205128205128,0.18947463312163046
246,0.9128205128205128,0.18873221897629341
247,0.9128205128205128,0.18799398132419812
248,0.9128205128205128,0.18725594863674125
249,0.9128205128205128,0.18651746904770294
250,0.9128205128205128,0.18578301580601078
251,0.9128205128205128,0.18505387070236748
252,0.9128205128205128,0.18432690590763234
253,0.9128205128205128,0.18360231879025352
254,0.9128205128205128,0.18288319240741155
255,0.9128205128205128,0.18216478767173247
256,0.9128205128205128,0.1814452815426397
257,0.9128205128205128,0.18072675138227146
258,0.9128205128205128,0.18000705383048243
259,0.9153846153846154,0.17928699434063888
260,0.9153846153846154,0.17856920704405888
261,0.9153846153846154,0.17785710230847268
262,0.9153846153846154,0.17715174734808548
263,0.9153846153846154,0.1764433309211639
264,0.9153846153846154,0.1757390893174075
265,0.9153846153846154,0.17503269068645427
266,0.9153846153846154,0.17432243805127443
267,0.9153846153846154,0.17361236029082766
268,0.9153846153846154,0.1729050777698413
269,0.9179487179487179,0.17220392112592606
270,0.9179487179487179,0.17150738166596505
271,0.9179487179487179,0.17082180213325088
272,0.9179487179487179,0.17013848173431642
273,0.9179487179487179,0.1694628116742277
274,0.9179487179487179,0.16879380121988088
275,0.9205128205128205,0.16812773474218218
276,0.9205128205128205,0.16745954759203474
277,0.9205128205128205,0.16679596149882284
278,0.9205128205128205,0.16613610846641724
279,0.9230769230769231,0.16547883965640928
280,0.9230769230769231,0.16482052268394887
281,0.9230769230769231,0.1641670209190561
282,0.9230769230769231,0.1635170142709271
283,0.9230769230769231,0.16287525098497205
284,0.9230769230769231,0.1622423753899643
285,0.9230769230769231,0.16161651428939575
286,0.9230769230769231,0.16099149068390908
287,0.9256410256410257,0.1603662924437795
288,0.9256410256410257,0.15974582044719787
289,0.9256410256410257,0.15913051224216898
290,0.9256410256410257,0.15851985109279879
291,0.9256410256410257,0.15791382300212695
292,0.9282051282051282,0.15731118913902994
293,0.9282051282051282,0.15670687904351016
294,0.9282051282051282,0.15610280436522506
295,0.9282051282051282,0.15549865785319583
296,0.9282051282051282,0.1549013708681331
297,0.9282051282051282,0.15431427667341774
298,0.9282051282051282,0.153733694868909
299,0.9282051282051282,0.15315745715082058
300,0.9282051282051282,0.15258273979832895
301,0.9282051282051282,0.15201325380710473
302,0.9282051282051282,0.15144577234269568
303,0.9307692307692308,0.15088237258029036
304,0.9307692307692308,0.1503223781764192
305,0.9307692307692308,0.14976779577006785
306,0.9307692307692308,0.14921690973869184
307,0.9307692307692308,0.14866643631984622
308,0.9307692307692308,0.14811878851637694
309,0.9307692307692308,0.14757308173665942
310,0.9307692307692308,0.14703129060778788
311,0.9307692307692308,0.14649449351377394
312,0.9333333333333333,0.14595872397294077
313,0.9333333333333333,0.14542811852604906
314,0.9333333333333333,0.14490494508649449
315,0.9333333333333333,0.14438531698925738
316,0.9333333333333333,0.1438669496545159
317,0.9333333333333333,0.14335103763105606
318,0.9333333333333333,0.1428369909595351
319,0.9358974358974359,0.1423248500402407
320,0.9358974358974359,0.14181560348902214
321,0.9384615384615385,0.14130910557888085
322,0.9384615384615385,0.14080770224886133
323,0.9384615384615385,0.14031213559017666
324,0.9384615384615385,0.1398211948953123
325,0.9384615384615385,0.1393307856872735
326,0.9384615384615385,0.13884197658778943
327,0.9384615384615385,0.1383572946372744
328,0.9384615384615385,0.13787478283730362
329,0.9384615384615385,0.13739373779621947
330,0.9384615384615385,0.13691456431451016
331,0.9384615384615385,0.13643956077405603
332,0.9384615384615385,0.13596811974791653
333,0.9384615384615385,0.13549506951829482
334,0.9384615384615385,0.13502919658171803
335,0.9384615384615385,0.13456952075720746
336,0.9384615384615385,0.13410738386958287
337,0.9384615384615385,0.13364649013266397
338,0.9384615384615385,0.13319185314961193
339,0.9384615384615385,0.13273885205992192
340,0.9384615384615385,0.13228598310281778
341,0.9384615384615385,0.1318365508385346
342,0.9384615384615385,0.13139312373274412
343,0.9384615384615385,0.13095106787965463
344,0.9384615384615385,0.13050973655174786
345,0.9384615384615385,0.1300695780702419
346,0.9384615384615385,0.12963355031549154
347,0.9384615384615385,0.12920111348569593
348,0.9384615384615385,0.12877010923450402
349,0.941025641025641,0.12833992476908562
350,0.941025641025641,0.1279132891697055
351,0.941025641025641,0.12748837843857885
352,0.941025641025641,0.12706599487414347
353,0.941025641025641,0.12664287816379063
354,0.941025641025641,0.1262229939731802
355,0.941025641025641,0.1258090879625371
356,0.941025641025641,0.12539778307464483
357,0.941025641025641,0.12498696574459203
358,0.941025641025641,0.12457810533880029
359,0.941025641025641,0.12417454495221235
360,0.941025641025641,0.12377171318927738
361,0.941025641025641,0.12336859908060822
362,0.941025641025641,0.12296790793131573
363,0.941025641025641,0.12256991526073013
364,0.941025641025641,0.12217375270758617
365,0.941025641025641,0.12178006529761325
366,0.941025641025641,0.12138977461796724
367,0.941025641025641,0.12100047513675757
368,0.941025641025641,0.12061246510361927
369,0.941025641025641,0.12022573982937675
370,0.941025641025641,0.11984155877242622
371,0.941025641025641,0.11945983324625994
372,0.941025641025641,0.11908165969931492
373,0.941025641025641,0.11870554448206105
374,0.941025641025641,0.11833065485949178
375,0.941025641025641,0.11795653082130912
376,0.941025641025641,0.11758393587781049
377,0.941025641025641,0.11721045362399765
378,0.941025641025641,0.11683937733637957
379,0.941025641025641,0.1164682488584821
380,0.941025641025641,0.11609389540831815
381,0.941025641025641,0.11572266663739925
382,0.941025641025641,0.11535648071165715
383,0.941025641025641,0.11499035563798563
384,0.941025641025641,0.11462750381788236
385,0.941025641025641,0.1142711147997243
386,0.9435897435897436,0.11391696405450077
387,0.9435897435897436,0.1135630444901652
388,0.9435897435897436,0.11321159504157109
389,0.9435897435897436,0.1128642775445143
390,0.9461538461538461,0.11251931799647487
391,0.9461538461538461,0.1121757301559283
392,0.9461538461538461,0.11183337866810879
393,0.9461538461538461,0.11149237304472488
394,0.9461538461538461,0.11115187053445072
395,0.9461538461538461,0.11081128104833426
396,0.9461538461538461,0.11047193537318863
397,0.9461538461538461,0.11013449812048862
398,0.9461538461538461,0.10979885389193458
399,0.9461538461538461,0.10946430838409245
400,0.9461538461538461,0.10913205979186515
401,0.9461538461538461,0.10880327975035026
402,0.9461538461538461,0.10847572238808004
403,0.9461538461538461,0.10815124864432529
404,0.9461538461538461,0.10782904657124817
405,0.9461538461538461,0.1075080456799604
406,0.9461538461538461,0.10718514929876355
407,0.9461538461538461,0.10686424829618572
408,0.9461538461538461,0.10654603626967465
409,0.9461538461538461,0.10623164607566978
410,0.9461538461538461,0.10591882950441034
411,0.9461538461538461,0.10560778833481482
412,0.9461538461538461,0.10529542602895828
413,0.9461538461538461,0.10498390434624676
414,0.9461538461538461,0.10467182290995367
415,0.9461538461538461,0.10436000636703735
416,0.9461538461538461,0.10405010129029339
417,0.9461538461538461,0.10374013682970012
418,0.9461538461538461,0.10343256411101018
419,0.9461538461538461,0.10313270797569744
420,0.9461538461538461,0.1028293201042896
421,0.9487179487179487,0.10252751083593803
422,0.9487179487179487,0.10222997744186935
423,0.9487179487179487,0.10193628496114893
424,0.9487179487179487,0.10164308797145635
425,0.9487179487179487,0.1013519561754017
426,0.9487179487179487,0.1010624510365833
427,0.9487179487179487,0.10077355613614529
428,0.9487179487179487,0.10048523310401054
429,0.9487179487179487,0.10019811931739862
430,0.9487179487179487,0.09991213638345754
431,0.9487179487179487,0.09962615193550883
432,0.9487179487179487,0.09934047746999058
433,0.9487179487179487,0.09905339544818158
434,0.9487179487179487,0.09876418947372129
435,0.9487179487179487,0.09847947456239593
436,0.9512820512820512,0.09819581623110558
437,0.9512820512820512,0.09791077317035428
438,0.9512820512820512,0.0976278002880743
439,0.9512820512820512,0.09734608520297197
440,0.9512820512820512,0.09706282267277952
441,0.9512820512820512,0.09677985143355496
442,0.9512820512820512,0.09649523214968443
443,0.9512820512820512,0.09621250215178793
444,0.9512820512820512,0.09593288916020025
445,0.9512820512820512,0.09565847510770017
446,0.9512820512820512,0.09538407470789616
447,0.9512820512820512,0.09510890296623026
448,0.9512820512820512,0.09483577250537711
449,0.9512820512820512,0.0945653087718654
450,0.9512820512820512,0.09429610336194855
451,0.9512820512820512,0.09402670129773982
452,0.9512820512820512,0.09375875802248267
453,0.9512820512820512,0.09349186134727848
454,0.9512820512820512,0.09322600442138457
455,0.9512820512820512,0.09296088551306765
456,0.9512820512820512,0.0926975049242622
457,0.9512820512820512,0.09243542973470857
458,0.9512820512820512,0.09217481705889377
459,0.9512820512820512,0.09191482672287161
460,0.9512820512820512,0.09165718134579401
461,0.9512820512820512,0.09140181991096955
462,0.9512820512820512,0.09114656793232488
463,0.9512820512820512,0.09089156180243976
464,0.9512820512820512,0.09063785717372294
465,0.9512820512820512,0.09038562203976577
466,0.9512820512820512,0.09013412857471774
467,0.9512820512820512,0.08988393071983213
468,0.9512820512820512,0.0896346267426726
469,0.9512820512820512,0.08938692752366961
470,0.9538461538461539,0.08913915303142476
471,0.9538461538461539,0.0888928135345673
472,0.9538461538461539,0.08864736214917905
473,0.9538461538461539,0.08840244181925423
474,0.9538461538461539,0.08815795547469386
475,0.9538461538461539,0.08791508781086044
476,0.9538461538461539,0.08767387874119428
477,0.9538461538461539,0.08743363221179519
478,0.9538461538461539,0.08719469372774909
479,0.9538461538461539,0.08695661671804479
480,0.9538461538461539,0.08671941040301316
481,0.9538461538461539,0.08648126323614107
482,0.9538461538461539,0.08624464055995433
483,0.9538461538461539,0.08600764581147297
484,0.9538461538461539,0.08577289368920012
485,0.9538461538461539,0.0855388498886049
486,0.9538461538461539,0.0853062807332763
487,0.9538461538461539,0.08507485004039869
488,0.9538461538461539,0.08484443307058306
489,0.9538461538461539,0.0846151452560832
490,0.9538461538461539,0.0843868593085
491,0.9538461538461539,0.08415858784121083
492,0.9538461538461539,0.08393241378093902
493,0.9538461538461539,0.08370802132087209
494,0.9538461538461539,0.08348120089282789
495,0.9538461538461539,0.08325535015301018
496,0.9538461538461539,0.08303409938515845
497,0.9538461538461539,0.08281392480630737
498,0.9538461538461539,0.08259365783618582
499,0.9538461538461539,0.08237635164672523
500,0.9538461538461539,0.08215770399792692
501,0.9538461538461539,0.08193940718644858
502,0.9538461538461539,0.0817228015567622
503,0.9538461538461539,0.08150800889968153
504,0.9538461538461539,0.0812936780118503
505,0.9538461538461539,0.08108019187702131
506,0.9564102564102565,0.08086805936349013
507,0.9564102564102565,0.08065413492246805
508,0.9564102564102565,0.08044316457346273
509,0.9564102564102565,0.08023313263167005
510,0.9564102564102565,0.08002175302217902
511,0.9564102564102565,0.07981302947037863
512,0.9538461538461539,0.07960579554838428
513,0.9538461538461539,0.07939673193720569
514,0.9538461538461539,0.07919047053325756
515,0.9538461538461539,0.07898496268333928
516,0.9538461538461539,0.07877933437199046
517,0.9538461538461539,0.07857525326247171
518,0.9538461538461539,0.07837361134720644
519,0.9538461538461539,0.07817101076530586
520,0.9538461538461539,0.07796904140993147
521,0.9538461538461539,0.07776818752112946
522,0.9538461538461539,0.07756846869665701
523,0.9538461538461539,0.07736880711172925
524,0.9538461538461539,0.07717014114408788
525,0.9538461538461539,0.07697169434883848
526,0.9538461538461539,0.07677462258080198
527,0.9538461538461539,0.07657816597847525
528,0.9538461538461539,0.07638261783943757
529,0.9538461538461539,0.07618905026718062
530,0.9564102564102565,0.07599622682879352
531,0.9564102564102565,0.07580289971375033
532,0.9564102564102565,0.07560946654995668
533,0.9564102564102565,0.07541566408986104
534,0.9564102564102565,0.0752235891085352
535,0.9564102564102565,0.07503365377456862
536,0.958974358974359,0.0748451331738292
537,0.958974358974359,0.07465702486785411
538,0.958974358974359,0.0744696317008732
539,0.958974358974359,0.07428301630478103
540,0.958974358974359,0.07409668849309164
541,0.958974358974359,0.07391064136762855
542,0.958974358974359,0.07372728866262002
543,0.958974358974359,0.0735442678899841
544,0.958974358974359,0.07336137540458829
545,0.958974358974359,0.07317806878856507
546,0.958974358974359,0.07299685045546615
547,0.958974358974359,0.07281692991870906
548,0.958974358974359,0.07263709783814253
549,0.958974358974359,0.0724565792646327
550,0.958974358974359,0.07227716406853954
551,0.958974358974359,0.07209800773090864
552,0.958974358974359,0.07191981262439602
553,0.958974358974359,0.07174184905637468
554,0.958974358974359,0.07156436315232327
555,0.958974358974359,0.07138774259019506
556,0.958974358974359,0.07121189442941632
557,0.958974358974359,0.07103830317238741
558,0.958974358974359,0.07086364887002569
559,0.9615384615384616,0.0706895640473365
560,0.9615384615384616,0.07051649257065007
561,0.9615384615384616,0.07034486307931374
562,0.9615384615384616,0.07017352157604324
563,0.9615384615384616,0.07000302072462958
564,0.9615384615384616,0.06983351468776439
565,0.9615384615384616,0.06966446666367049
566,0.9615384615384616,0.06949547338747013
567,0.9615384615384616,0.06932654344769312
568,0.9615384615384616,0.06915877413918509
569,0.9615384615384616,0.0689923314962088
570,0.9615384615384616,0.06882595518824393
571,0.9615384615384616,0.06866019515645434
572,0.9615384615384616,0.0684950784927415
573,0.9615384615384616,0.06833135202874722
574,0.9615384615384616,0.06816802116548447
575,0.9615384615384616,0.06800398411075959
576,0.9615384615384616,0.0678404607679232
577,0.9615384615384616,0.06767771490142206
578,0.9615384615384616,0.06751555289880196
579,0.9615384615384616,0.06735324001657997
580,0.9615384615384616,0.06719257862525578
581,0.9615384615384616,0.06703207423611675
582,0.9615384615384616,0.06687307981712963
583,0.9615384615384616,0.0667136592741345
584,0.9615384615384616,0.06655548435713904
585,0.9615384615384616,0.06639716185437351
586,0.9615384615384616,0.06624010737137587
587,0.9615384615384616,0.06608301668065361
588,0.9615384615384616,0.06592722885702143
589,0.9615384615384616,0.0657717758053016
590,0.9615384615384616,0.0656168301399556
591,0.9615384615384616,0.06546170861108482
592,0.9615384615384616,0.06530698835254933
593,0.9615384615384616,0.06515283050715641
594,0.9615384615384616,0.06499981641786795
595,0.9615384615384616,0.06484621490002707
596,0.9615384615384616,0.06469305993302978
597,0.9615384615384616,0.06453983131058494
598,0.9615384615384616,0.06438790394140706
599,0.9615384615384616,0.0642361695465264
600,0.9615384615384616,0.06408544187618322
601,0.9615384615384616,0.06393536511549018
602,0.9615384615384616,0.06378606712856606
603,0.9615384615384616,0.06363742019448416
604,0.9615384615384616,0.06348920677062574
605,0.9615384615384616,0.06334069518320966
606,0.9615384615384616,0.06319314929914917
607,0.9615384615384616,0.06304592152247895
608,0.9641025641025641,0.062898775659852
609,0.9641025641025641,0.06275225983877088
610,0.9641025641025641,0.06260639542358047
611,0.9641025641025641,0.062460810922970046
612,0.9641025641025641,0.06231629331343487
613,0.9641025641025641,0.06217253259108935
614,0.9641025641025641,0.06202909225676558
615,0.9641025641025641,0.061885558373235616
616,0.9641025641025641,0.06174230597838108
617,0.9641025641025641,0.061600506952420836
618,0.9641025641025641,0.061459446255874024
619,0.9641025641025641,0.06131828742047527
620,0.9641025641025641,0.06117659453872241
621,0.9641025641025641,0.06103664196200432
622,0.9641025641025641,0.06089758820549659
623,0.9641025641025641,0.0607592276188602
624,0.9641025641025641,0.060619688566794595
625,0.9641025641025641,0.06048090234678635
626,0.9641025641025641,0.06034262600116956
627,0.9641025641025641,0.06020561798640875
628,0.9641025641025641,0.060068719654344675
629,0.9641025641025641,0.05993240943736683
630,0.9641025641025641,0.059795441135307055
631,0.9641025641025641,0.05965961233712271
632,0.9641025641025641,0.059524475991950876
633,0.9641025641025641,0.05938895852077986
634,0.9641025641025641,0.059253824949929645
635,0.9641025641025641,0.059119194750056656
636,0.9641025641025641,0.058986127526016494
637,0.9641025641025641,0.058853039679830965
638,0.9641025641025641,0.058719997497138396
639,0.9641025641025641,0.05858780450295091
640,0.9641025641025641,0.05845739262883397
641,0.9641025641025641,0.05832795039255322
642,0.9641025641025641,0.05819776514836972
643,0.9641025641025641,0.0580679060688458
644,0.9641025641025641,0.057937841165989726
645,0.9641025641025641,0.05780783164138046
646,0.9666666666666667,0.0576783207073891
647,0.9666666666666667,0.05754917964640192
648,0.9666666666666667,0.05741874057103988
649,0.9666666666666667,0.05729002914522775
650,0.9666666666666667,0.05716121418739878
651,0.9666666666666667,0.05703357110761423
652,0.9666666666666667,0.05690573446537225
653,0.9666666666666667,0.05677756251035591
654,0.9666666666666667,0.0566503082924884
655,0.9666666666666667,0.056523972457141844
656,0.9666666666666667,0.05639892822481107
657,0.9666666666666667,0.056273699961267624
658,0.9666666666666667,0.05614857309104568
659,0.9666666666666667,0.056024210653556145
660,0.9666666666666667,0.0559003002649227
661,0.9666666666666667,0.05577751872331969
662,0.9666666666666667,0.05565566411621088
663,0.9666666666666667,0.05553392030017835
664,0.9666666666666667,0.05541302640194192
665,0.9666666666666667,0.05529250685046993
666,0.9666666666666667,0.0551716143164155
667,0.9666666666666667,0.05505100633381536
668,0.9666666666666667,0.0549307862075844
669,0.9666666666666667,0.054811503981467266
670,0.9666666666666667,0.05469281334394297
671,0.9666666666666667,0.054573624262590624
672,0.9666666666666667,0.05445494652127912
673,0.9666666666666667,0.05433643362723511
674,0.9666666666666667,0.054218020578872546
675,0.9666666666666667,0.054099358090096666
676,0.9666666666666667,0.0539813476526201
677,0.9666666666666667,0.05386300285129461
678,0.9666666666666667,0.05374658933424389
679,0.9666666666666667,0.05362936209484483
680,0.9666666666666667,0.05351327299257641
681,0.9666666666666667,0.05339767135160286
682,0.9666666666666667,0.05328082123882888
683,0.9666666666666667,0.053165641156737456
684,0.9692307692307692,0.05305065352965797
685,0.9692307692307692,0.052936320648000336
686,0.9692307692307692,0.052821348476678846
687,0.9692307692307692,0.05270687102511155
688,0.9692307692307692,0.052592693577100454
689,0.9692307692307692,0.05247837904033404
690,0.9692307692307692,0.05236358811894022
691,0.9692307692307692,0.05225047620193513
692,0.9692307692307692,0.05213745690386972
693,0.9692307692307692,0.052025200878614515
694,0.9692307692307692,0.05191370850444338
695,0.9717948717948718,0.05180252867505125
696,0.9717948717948718,0.05169121931880323
697,0.9717948717948718,0.05158039204342964
698,0.9717948717948718,0.051469904097131716
699,0.9717948717948718,0.051358875225486954
700,0.9717948717948718,0.05124809917444809
701,0.9717948717948718,0.05113782066761583
702,0.9717948717948718,0.051028246408022504
703,0.9717948717948718,0.050918943702760344
704,0.9717948717948718,0.05081010334119669
705,0.9717948717948718,0.05070067105532448
706,0.9717948717948718,0.05059204002453476
707,0.9717948717948718,0.05048344479089808
708,0.9717948717948718,0.05037562254410732
709,0.9717948717948718,0.050268978104179525
710,0.9717948717948718,0.05016169559692313
711,0.9717948717948718,0.05005543461304039
712,0.9717948717948718,0.04994853252311648
713,0.9717948717948718,0.049843453686596415
714,0.9717948717948718,0.04973779079366579
715,0.9717948717948718,0.04963210054353566
716,0.9717948717948718,0.049526961442740255
717,0.9717948717948718,0.049422366448539826
718,0.9717948717948718,0.049318359317571225
719,0.9717948717948718,0.049214233813005936
720,0.9717948717948718,0.049110583786647115
721,0.9717948717948718,0.04900714815648282
722,0.9717948717948718,0.048903980650359856
723,0.9717948717948718,0.04880148946940873
724,0.9717948717948718,0.04869951615117833
725,0.9717948717948718,0.04859711721096768
726,0.9717948717948718,0.048495519047295994
727,0.9717948717948718,0.04839377795445062
728,0.9717948717948718,0.048292660189076034
729,0.9717948717948718,0.04819206757813635
730,0.9717948717948718,0.04809122929958635
731,0.9717948717948718,0.04799082655804092
732,0.9717948717948718,0.047891006011297824
733,0.9717948717948718,0.047791405797335144
734,0.9717948717948718,0.04769245344833463
735,0.9717948717948718,0.04759333042594767
736,0.9717948717948718,0.04749569854838934
737,0.9717948717948718,0.047397719601732655
738,0.9717948717948718,0.04730015182198466
739,0.9717948717948718,0.04720320150496018
740,0.9717948717948718,0.04710584330263757
741,0.9717948717948718,0.047010320232371304
742,0.9717948717948718,0.04691435560305025
743,0.9717948717948718,0.04681852300800707
744,0.9717948717948718,0.046722870551801805
745,0.9717948717948718,0.046625833777432665
746,0.9717948717948718,0.046530205789259836
747,0.9717948717948718,0.046433229794345554
748,0.9717948717948718,0.04633804077742495
749,0.9717948717948718,0.046241104123240964
750,0.9717948717948718,0.046146605084712536
751,0.9717948717948718,0.046052082334796615
752,0.9717948717948718,0.04595741635299349
753,0.9717948717948718,0.04586207286006692
754,0.9717948717948718,0.04576719162979716
755,0.9717948717948718,0.04567269484571178
756,0.9717948717948718,0.04557890743565156
757,0.9717948717948718,0.04548492155043132
758,0.9717948717948718,0.04539076528291024
759,0.9717948717948718,0.04529807414204469
760,0.9717948717948718,0.04520509133072673
761,0.9717948717948718,0.04511389926318075
762,0.9717948717948718,0.04502197901756829
763,0.9717948717948718,0.04493115462473271
764,0.9717948717948718,0.04483889354654551
765,0.9717948717948718,0.04474792867287197
766,0.9717948717948718,0.04465546895132366
767,0.9717948717948718,0.044564761102312236
768,0.9717948717948718,0.044472962579351016
769,0.9717948717948718,0.044383598850705835
770,0.9717948717948718,0.04429308773318663
771,0.9717948717948718,0.04420294910508979
772,0.9717948717948718,0.04411338311180962
773,0.9717948717948718,0.04402366839420724
774,0.9717948717948718,0.04393451070818789
775,0.9717948717948718,0.04384476504789751
776,0.9717948717948718,0.04375592102451305
777,0.9717948717948718,0.04366705746892199
778,0.9717948717948718,0.043579543827472304
779,0.9717948717948718,0.04349047727970603
780,0.9717948717948718,0.04340304747524867
781,0.9717948717948718,0.04331465046745904
782,0.9717948717948718,0.043228281056777604
783,0.9717948717948718,0.04314038035898464
784,0.9743589743589743,0.04305324167191647
785,0.9743589743589743,0.042965629654464974
786,0.9743589743589743,0.04287901765941629
787,0.9743589743589743,0.04279131977949676
788,0.9743589743589743,0.04270600978296606
789,0.9743589743589743,0.04261944564318883
790,0.9743589743589743,0.042534175930913146
791,0.9743589743589743,0.042448957412666216
792,0.9743589743589743,0.04236362427976421
793,0.9743589743589743,0.042278630855503534
794,0.9743589743589743,0.042193616328249514
795,0.9743589743589743,0.0421098849358085
796,0.9743589743589743,0.042025480247559116
797,0.9743589743589743,0.041941431031654534
798,0.9743589743589743,0.04185750851045846
799,0.9743589743589743,0.04177441850734829
800,0.9743589743589743,0.04169109989168683
801,0.9743589743589743,0.041607954469948055
802,0.9743589743589743,0.041524410321787796
803,0.9743589743589743,0.041442274762015084
804,0.9743589743589743,0.04135951686250451
805,0.9743589743589743,0.04127751797976131
806,0.9743589743589743,0.041195647880907155
807,0.9743589743589743,0.04111412357682561
808,0.9743589743589743,0.04103279891521677
809,0.9743589743589743,0.04095096800992767
810,0.9743589743589743,0.040870025878873166
811,0.9743589743589743,0.04078881715896066
812,0.9743589743589743,0.0407075590257029
813,0.9743589743589743,0.040626398778330866
814,0.9743589743589743,0.040546632822837665
815,0.9743589743589743,0.04046600178400743
816,0.9743589743589743,0.04038692534474424
817,0.9743589743589743,0.04030760619811844
818,0.9743589743589743,0.040228748804453526
819,0.9743589743589743,0.04014902531092792
820,0.9743589743589743,0.040071396882481215
821,0.9743589743589743,0.039992167219767547
822,0.9743589743589743,0.03991381389388734
823,0.9743589743589743,0.039835067255096064
824,0.9743589743589743,0.03975862367955378
825,0.9769230769230769,0.0396797731107562
826,0.9769230769230769,0.039602718423966295
827,0.9769230769230769,0.03952524710656181
828,0.9769230769230769,0.039448528827932754
829,0.9769230769230769,0.039371983283185225
830,0.9769230769230769,0.039294579497828955
831,0.9769230769230769,0.039220000680306906
832,0.9769230769230769,0.03914374861067086
833,0.9769230769230769,0.039068567912412866
834,0.9769230769230769,0.038993263661651636
835,0.9769230769230769,0.03891770546718084
836,0.9769230769230769,0.038844260702364145
837,0.9769230769230769,0.03876869348395447
838,0.9769230769230769,0.03869548200990266
839,0.9769230769230769,0.038620932349933856
840,0.9769230769230769,0.03854648850294036
841,0.9769230769230769,0.03847236838903104
842,0.9769230769230769,0.03839734800468485
843,0.9769230769230769,0.03832445026387987
844,0.9769230769230769,0.03825090848305401
845,0.9769230769230769,0.03817687962527233
846,0.9769230769230769,0.03810338796722791
847,0.9769230769230769,0.03802983661960166
848,0.9769230769230769,0.03795675134537458
849,0.9769230769230769,0.03788154962173728
850,0.9769230769230769,0.037808843210427295
851,0.9769230769230769,0.037734385047120636
852,0.9769230769230769,0.03766182581728206
853,0.9769230769230769,0.03758754437674386
854,0.9769230769230769,0.03751447358207859
855,0.9769230769230769,0.03744155399366865
856,0.9769230769230769,0.03736816161740596
857,0.9769230769230769,0.03729648924119581
858,0.9769230769230769,0.03722381437984062
859,0.9769230769230769,0.03715231293108291
860,0.9769230769230769,0.03708060235113656
861,0.9769230769230769,0.037008951645825405
862,0.9769230769230769,0.036939036438875326
863,0.9794871794871794,0.03686682715021505
864,0.9794871794871794,0.03679652490781127
865,0.9794871794871794,0.03672531855903191
866,0.9794871794871794,0.036655396489495125
867,0.9794871794871794,0.036584989489562125
868,0.9794871794871794,0.03651435806546642
869,0.9794871794871794,0.0364442642869061
870,0.9794871794871794,0.036374389181531026
871,0.9794871794871794,0.036305090105020754
872,0.9794871794871794,0.03623484864187192
873,0.9794871794871794,0.036166327253584096
874,0.9794871794871794,0.0360971855128527
875,0.9794871794871794,0.036028162182959775
876,0.9794871794871794,0.035960022748040915
877,0.9794871794871794,0.03589183846294767
878,0.9794871794871794,0.03582304182840983
879,0.9794871794871794,0.0357556289428445
880,0.9794871794871794,0.03568737829854918
881,0.9794871794871794,0.03562005781309855
882,0.9794871794871794,0.03555258646216285
883,0.9794871794871794,0.03548535847262014
884,0.9794871794871794,0.03541795042417866
885,0.9794871794871794,0.035351782441259756
886,0.9794871794871794,0.035284284159809165
887,0.9794871794871794,0.0352179860458288
888,0.9794871794871794,0.0351511710498006
889,0.9794871794871794,0.03508444486234094
890,0.9794871794871794,0.035018272309979115
891,0.9794871794871794,0.03495262968123872
892,0.9794871794871794,0.034886959849983315
893,0.9794871794871794,0.03482129371444365
894,0.9794871794871794,0.034755172216090806
895,0.9794871794871794,0.03468993136458213
896,0.9794871794871794,0.03462487499735964
897,0.9794871794871794,0.03455944197425724
898,0.9794871794871794,0.034494991983815275
899,0.9794871794871794,0.034430116009062976
900,0.9794871794871794,0.03436601768790773
901,0.9794871794871794,0.034301444533546575
902,0.9794871794871794,0.03423673661072416
903,0.9794871794871794,0.0341735007531126
904,0.9794871794871794,0.03410944042379195
905,0.9794871794871794,0.03404631165009403
906,0.9794871794871794,0.03398226549268835
907,0.9794871794871794,0.033919299296438256
908,0.9794871794871794,0.033855926962545295
909,0.9794871794871794,0.03379329219205921
910,0.9794871794871794,0.03373089519687393
911,0.9794871794871794,0.033668439271706485
912,0.9794871794871794,0.03360551653416162
913,0.9794871794871794,0.033543372430919954
914,0.9794871794871794,0.03348110537753145
915,0.9794871794871794,0.0334200213568496
916,0.9794871794871794,0.03335705701009739
917,0.9794871794871794,0.03329586500313301
918,0.9794871794871794,0.03323425358809373
919,0.9794871794871794,0.03317362671791388
920,0.9794871794871794,0.03311240590371012
921,0.9794871794871794,0.03305193705224278
922,0.9794871794871794,0.03299069934298454
923,0.9794871794871794,0.032930418894708484
924,0.9794871794871794,0.03286940946370428
925,0.9794871794871794,0.03281007026221604
926,0.9794871794871794,0.032749578663684456
927,0.9794871794871794,0.032690207199155885
928,0.9794871794871794,0.032629932781003776
929,0.9794871794871794,0.03256977114748523
930,0.9794871794871794,0.03251086195523568
931,0.9794871794871794,0.032451354562328935
932,0.9794871794871794,0.03239335413503922
933,0.9794871794871794,0.03233344635142897
934,0.9794871794871794,0.032274954905324435
935,0.9794871794871794,0.03221600840197844
936,0.9794871794871794,0.032157343872562395
937,0.9794871794871794,0.03209882984525313
938,0.9794871794871794,0.032039522190749965
939,0.9794871794871794,0.031981856884266725
940,0.9794871794871794,0.031923295388764726
941,0.9794871794871794,0.031864925585820235
942,0.9794871794871794,0.03180722313485858
943,0.9794871794871794,0.03174817807386758
944,0.9794871794871794,0.03169111756320027
945,0.9794871794871794,0.03163313201451247
946,0.9794871794871794,0.03157551028038031
947,0.9794871794871794,0.03151837356993301
948,0.9794871794871794,0.031460994952314233
949,0.9769230769230769,0.03140402600367659
950,0.9769230769230769,0.03134712321801331
951,0.9769230769230769,0.03129073473019718
952,0.9769230769230769,0.031233663090201248
953,0.9794871794871794,0.03117811026932259
954,0.9794871794871794,0.03112183033494143
955,0.9794871794871794,0.03106605818779702
956,0.9794871794871794,0.031009623987620614
957,0.9794871794871794,0.03095440714923034
958,0.9794871794871794,0.030898227500234264
959,0.9794871794871794,0.030842949228487924
960,0.9794871794871794,0.03078759760043779
961,0.9794871794871794,0.03073163506782732
962,0.9794871794871794,0.030677607932193818
963,0.9794871794871794,0.030621777761422594
964,0.9794871794871794,0.03056730273732807
965,0.9794871794871794,0.03051308685318696
966,0.9794871794871794,0.030458323843332493
967,0.9794871794871794,0.030403912142228803
968,0.9794871794871794,0.03035092969052196
969,0.9794871794871794,0.030295911280503605
970,0.9794871794871794,0.03024374259690883
971,0.9794871794871794,0.03018904385895112
972,0.9794871794871794,0.030135139317846338
973,0.9794871794871794,0.030082293901052947
974,0.9794871794871794,0.030028643403447523
975,0.9794871794871794,0.029975275195733266
976,0.9794871794871794,0.029922825259996986
977,0.9794871794871794,0.029869808872775596
978,0.9794871794871794,0.029815696430890427
979,0.9794871794871794,0.029763421735235954
980,0.9794871794871794,0.029710785551200304
981,0.9794871794871794,0.029658207751673257
982,0.9794871794871794,0.029604861406660396
983,0.9794871794871794,0.029552743366633556
984,0.9794871794871794,0.029500386162874932
985,0.9794871794871794,0.0294489575265318
986,0.9794871794871794,0.029397262823329842
987,0.9794871794871794,0.02934503574407888
988,0.9794871794871794,0.029293140415372926
989,0.9794871794871794,0.029241742041961286
990,0.9794871794871794,0.029190285889771846
991,0.9794871794871794,0.02913979015969341
992,0.9794871794871794,0.029088734220158268
993,0.9794871794871794,0.029037410301564346
994,0.9794871794871794,0.028986633513392594
995,0.9794871794871794,0.028935687688543245
996,0.9794871794871794,0.028885486203666787
997,0.9794871794871794,0.02883432269346424
998,0.9794871794871794,0.02878453411720334
999,0.9794871794871794,0.028733614921743523
1000,0.9794871794871794,0.028683308385869563
1001,0.9794871794871794,0.028634401881902725
1002,0.9794871794871794,0.028583093542425154
1003,0.9794871794871794,0.02853397780140635
1004,0.9794871794871794,0.028484530515075775
1005,0.9794871794871794,0.02843488909279665
1006,0.9794871794871794,0.028384706344440954
1007,0.9794871794871794,0.028336542116871602
1008,0.9794871794871794,0.028286951145555864
1009,0.9794871794871794,0.02823832917075393
1010,0.9794871794871794,0.02818863184911526
1011,0.9794871794871794,0.028140026358919257
1012,0.9794871794871794,0.028091002580675
1013,0.9794871794871794,0.028042115459442286
1014,0.9794871794871794,0.027993906997093018
1015,0.9794871794871794,0.027944608261343536
1016,0.9794871794871794,0.027896895012284435
1017,0.9794871794871794,0.02784781684090702
1018,0.9794871794871794,0.027800071022731104
1019,0.9794871794871794,0.027752360096874512
1020,0.9794871794871794,0.027703834411067246
1021,0.9794871794871794,0.027656751992741053
1022,0.9794871794871794,0.027608478575499893
1023,0.9794871794871794,0.02756115861368588
1024,0.9794871794871794,0.027514738578069416
1025,0.9794871794871794,0.027467043408252945
1026,0.9794871794871794,0.02741983600071049
1027,0.9794871794871794,0.027373625937517163
1028,0.9794871794871794,0.027326451879432063
1029,0.9794871794871794,0.027279881750907575
1030,0.9794871794871794,0.027233768722444002
1031,0.9794871794871794,0.027187175943393878
1032,0.9794871794871794,0.027140691731641697
1033,0.9794871794871794,0.027094498700746417
1034,0.9794871794871794,0.02704743574904344
1035,0.9794871794871794,0.02700141392411227
1036,0.9794871794871794,0.02695629884585679
1037,0.9794871794871794,0.026909834110662785
1038,0.9794871794871794,0.026864919684047524
1039,0.9794871794871794,0.026819797870457414
1040,0.9794871794871794,0.02677491628199405
1041,0.9794871794871794,0.02673037291275056
1042,0.9794871794871794,0.02668589606072691
1043,0.9794871794871794,0.026640801403948696
1044,0.9794871794871794,0.026596364134976434
1045,0.9794871794871794,0.0265526466156809
1046,0.9794871794871794,0.026507155323411816
1047,0.9794871794871794,0.02646323721408442
1048,0.9794871794871794,0.026418709679126552
1049,0.9794871794871794,0.026374425978915633
1050,0.9794871794871794,0.026329821787923896
1051,0.9794871794871794,0.026285473885658373
1052,0.9794871794871794,0.0262423952565075
1053,0.9794871794871794,0.026197668821384346
1054,0.9794871794871794,0.026153787732163553
1055,0.9794871794871794,0.026110182805129944
1056,0.9794871794871794,0.026065897866909705
1057,0.9794871794871794,0.026022946446541115
1058,0.9794871794871794,0.025978713346973284
1059,0.9794871794871794,0.02593644053292717
1060,0.9794871794871794,0.025892133203933597
1061,0.9794871794871794,0.025849595040397935
1062,0.9794871794871794,0.025806373519071942
1063,0.9794871794871794,0.02576292099301497
1064,0.9794871794871794,0.025720257552311544
1065,0.9794871794871794,0.025677936108624067
1066,0.9794871794871794,0.02563468388149458
1067,0.9794871794871794,0.025593057627843314
1068,0.9794871794871794,0.025549894123614414
1069,0.9794871794871794,0.025509038632584264
1070,0.9794871794871794,0.025464976124526115
1071,0.9794871794871794,0.025423597531730013
1072,0.9794871794871794,0.025380386831651634
1073,0.9794871794871794,0.025339042793863988
1074,0.9794871794871794,0.025295220315453445
1075,0.9794871794871794,0.025253683057881296
1076,0.9794871794871794,0.025212027759623168
1077,0.9794871794871794,0.02517034063075877
1078,0.9794871794871794,0.025128464093960214
1079,0.9794871794871794,0.025086553005408817
1080,0.9794871794871794,0.025046035577985102
1081,0.9794871794871794,0.02500387219783413
1082,0.9794871794871794,0.02496452365930023
1083,0.9794871794871794,0.024922188361224732
1084,0.9794871794871794,0.024882413892607824
1085,0.9794871794871794,0.024842103893543153
1086,0.9794871794871794,0.02480162589690715
1087,0.9794871794871794,0.024761265024817458
1088,0.9794871794871794,0.024721060009036736
1089,0.9794871794871794,0.024681539923033288
1090,0.9794871794871794,0.024640916767604378
1091,0.9794871794871794,0.024600953559918853
1092,0.9794871794871794,0.024561336457694056
1093,0.9794871794871794,0.02452021061194996
1094,0.9794871794871794,0.024480897816258305
1095,0.9794871794871794,0.024440810500823307
1096,0.9794871794871794,0.024400504343761266
1097,0.9794871794871794,0.024362048179359448
1098,0.9794871794871794,0.02432123630806304
1099,0.9794871794871794,0.024282625130744383
1100,0.9794871794871794,0.024243245126087547
1101,0.9794871794871794,0.02420459799204294
1102,0.9794871794871794,0.02416499561380768
1103,0.9794871794871794,0.02412644433462507
1104,0.9794871794871794,0.024087894161857835
1105,0.9794871794871794,0.02404890060264638
1106,0.9794871794871794,0.024010422757719037
1107,0.9794871794871794,0.02397137650738314
1108,0.9794871794871794,0.023933242235788736
1109,0.9794871794871794,0.023894551507813597
1110,0.9794871794871794,0.02385617615716988
1111,0.9794871794871794,0.023818420307266806
1112,0.9794871794871794,0.023779481939059596
1113,0.9794871794871794,0.023742114641051013
1114,0.9794871794871794,0.02370441391454825
1115,0.9794871794871794,0.02366618588619756
1116,0.9794871794871794,0.023629173959379954
1117,0.9794871794871794,0.023591972703915432
1118,0.9794871794871794,0.023554193679626332
1119,0.9794871794871794,0.023517932033596048
1120,0.9794871794871794,0.023481172397494494
1121,0.9794871794871794,0.023444352085349656
1122,0.9794871794871794,0.02340859618294792
1123,0.9794871794871794,0.023371706863051445
1124,0.9794871794871794,0.023334678600286523
1125,0.9794871794871794,0.023297516079392594
1126,0.9794871794871794,0.023261647307725536
1127,0.9794871794871794,0.023222963404296287
1128,0.9794871794871794,0.023187319871940833
1129,0.9794871794871794,0.023148680402598112
1130,0.9794871794871794,0.023112119359125972
1131,0.9794871794871794,0.023074537662729024
1132,0.9794871794871794,0.023037143225247726
1133,0.982051282051282,0.022999541620957346
1134,0.982051282051282,0.022963363018362125
1135,0.982051282051282,0.022925601137835445
1136,0.982051282051282,0.022888342692843722
1137,0.982051282051282,0.022851361921395818
1138,0.982051282051282,0.022813706901253315
1139,0.982051282051282,0.02277783508403511
1140,0.982051282051282,0.02274054811490363
1141,0.982051282051282,0.022704376784574556
1142,0.982051282051282,0.02266814949112851
1143,0.982051282051282,0.022631482465474303
1144,0.982051282051282,0.02259556540891748
1145,0.982051282051282,0.022560095062051116
1146,0.982051282051282,0.02252451214382682
1147,0.982051282051282,0.022488544984215614
1148,0.982051282051282,0.02245298992695354
1149,0.982051282051282,0.022417743498921765
1150,0.982051282051282,0.02238191707916084
1151,0.982051282051282,0.022347476762529652
1152,0.982051282051282,0.022311863757022297
1153,0.982051282051282,0.022277891606285915
1154,0.982051282051282,0.02224174815745479
1155,0.982051282051282,0.02220815644558198
1156,0.982051282051282,0.022172296381686385
1157,0.982051282051282,0.022137899816532285
1158,0.982051282051282,0.02210325832403198
1159,0.982051282051282,0.02206868514657785
1160,0.982051282051282,0.02203314900554932
1161,0.982051282051282,0.02199954223261661
1162,0.982051282051282,0.021964303504788438
1163,0.982051282051282,0.021929705019110447
1164,0.982051282051282,0.021896072200127726
1165,0.982051282051282,0.021861305125306173
1166,0.982051282051282,0.021827305338809184
1167,0.982051282051282,0.02179423270480614
1168,0.982051282051282,0.02176062212410624
1169,0.982051282051282,0.021727522187712733
1170,0.982051282051282,0.021694361839853092
1171,0.982051282051282,0.021660373326416613
1172,0.982051282051282,0.02162754634937952
1173,0.982051282051282,0.02159388050165132
1174,0.982051282051282,0.021560698098623578
1175,0.982051282051282,0.02152846690086146
1176,0.982051282051282,0.021494317583766083
1177,0.982051282051282,0.02146204910175033
1178,0.982051282051282,0.021429550771005126
1179,0.982051282051282,0.021396465872460694
1180,0.982051282051282,0.021363802822921184
1181,0.982051282051282,0.021330613786212402
1182,0.982051282051282,0.021299141093682635
1183,0.982051282051282,0.021265533247032554
1184,0.982051282051282,0.021234709127223108
1185,0.982051282051282,0.021201238661769196
1186,0.982051282051282,0.021171715445579962
1187,0.982051282051282,0.021137913232113857
1188,0.982051282051282,0.021107533158238875
1189,0.982051282051282,0.02107537957892587
1190,0.982051282051282,0.021044490138087554
1191,0.982051282051282,0.021012156176604135
1192,0.982051282051282,0.02098042552710087
1193,0.982051282051282,0.020949262517472405
1194,0.982051282051282,0.020917729896973866
1195,0.982051282051282,0.020886487729532627
1196,0.982051282051282,0.020854615541868918
1197,0.982051282051282,0.02082391719037559
1198,0.982051282051282,0.02079133780476991
1199,0.982051282051282,0.020761840910349813
1200,0.982051282051282,0.020728869684516694
1201,0.982051282051282,0.02069858955559076
1202,0.982051282051282,0.02066741554185743
1203,0.982051282051282,0.020635392156511275
1204,0.982051282051282,0.020605591545621752
1205,0.982051282051282,0.020572182536414643
1206,0.982051282051282,0.020542495275659038
1207,0.982051282051282,0.020509272970928798
1208,0.982051282051282,0.020480543941874124
1209,0.982051282051282,0.02044821264317741
1210,0.982051282051282,0.020417819467903758
1211,0.982051282051282,0.020386795492514955
1212,0.982051282051282,0.020356709722945593
1213,0.982051282051282,0.02032544052817887
1214,0.982051282051282,0.020295391142370826
1215,0.982051282051282,0.020264581742413586
1216,0.982051282051282,0.020233719827220487
1217,0.982051282051282,0.02020417437920587
1218,0.982051282051282,0.02017264773949327
1219,0.982051282051282,0.020143038015691183
1220,0.982051282051282,0.020112682406476744
1221,0.982051282051282,0.02008205807946982
1222,0.982051282051282,0.020050684086749225
1223,0.982051282051282,0.020021925816704256
1224,0.982051282051282,0.019991117305543253
1225,0.982051282051282,0.019961155291494767
1226,0.982051282051282,0.019931816746197498
1227,0.982051282051282,0.01990163427846186
1228,0.982051282051282,0.019873200822072938
1229,0.982051282051282,0.019842929712944293
1230,0.982051282051282,0.01981408164807066
1231,0.982051282051282,0.01978444673681522
1232,0.982051282051282,0.019755665092921447
1233,0.982051282051282,0.01972665221397171
1234,0.982051282051282,0.019698778693311117
1235,0.982051282051282,0.019669145386951584
1236,0.982051282051282,0.019640779573992642
1237,0.982051282051282,0.019612346887968132
1238,0.982051282051282,0.01958366004548839
1239,0.982051282051282,0.019554257651648466
1240,0.982051282051282,0.019526113924882356
1241,0.982051282051282,0.01949732977447297
1242,0.982051282051282,0.019467951231490296
1243,0.982051282051282,0.019440088343896347
1244,0.982051282051282,0.019411482464767087
1245,0.982051282051282,0.01938320791423729
1246,0.982051282051282,0.019354319766653753
1247,0.982051282051282,0.01932683034176548
1248,0.982051282051282,0.01929765087244854
1249,0.982051282051282,0.01927005435488675
1250,0.982051282051282,0.019241691305902482
1251,0.982051282051282,0.019214541589679775
1252,0.982051282051282,0.01918610178326919
1253,0.982051282051282,0.019159126448232627
1254,0.982051282051282,0.01913177868684855
1255,0.982051282051282,0.019103994703973413
1256,0.982051282051282,0.019077647148736426
1257,0.982051282051282,0.019049003520672715
1258,0.982051282051282,0.019021611080379405
1259,0.982051282051282,0.018995470474413377
1260,0.982051282051282,0.018967500768891338
1261,0.982051282051282,0.01893974545545191
1262,0.982051282051282,0.01891246903813259
1263,0.982051282051282,0.018886625006158744
1264,0.982051282051282,0.018858662031948577
1265,0.982051282051282,0.01883245350394487
1266,0.982051282051282,0.01880428852400725
1267,0.982051282051282,0.018778849524170145
1268,0.982051282051282,0.01875058906162952
1269,0.982051282051282,0.018723521473759712
1270,0.982051282051282,0.01869733897876573
1271,0.982051282051282,0.018670064525748868
1272,0.982051282051282,0.01864248413771807
1273,0.982051282051282,0.018616415168326017
1274,0.982051282051282,0.018588393258866007
1275,0.982051282051282,0.018563297050505093
1276,0.982051282051282,0.018534975349147616
1277,0.982051282051282,0.018509515068896684
1278,0.982051282051282,0.01848201976584301
1279,0.982051282051282,0.018456459058717165
1280,0.982051282051282,0.018429382458372005
1281,0.982051282051282,0.018404317980826684
1282,0.982051282051282,0.01837714584835005
1283,0.982051282051282,0.018350797626955007
1284,0.982051282051282,0.018325614967433613
1285,0.982051282051282,0.018298693761132547
1286,0.982051282051282,0.01827254480691395
1287,0.982051282051282,0.018246772491503124
1288,0.982051282051282,0.018220858585092634
1289,0.982051282051282,0.018194047297381995
1290,0.982051282051282,0.018170129640445423
1291,0.982051282051282,0.018142338707783104
1292,0.982051282051282,0.018118559769269245
1293,0.982051282051282,0.0180905415382004
1294,0.982051282051282,0.018067278519805986
1295,0.9846153846153847,0.018039354994401274
1296,0.9846153846153847,0.018015779209928678
1297,0.9846153846153847,0.017987023898858624
1298,0.9846153846153847,0.01796425667854146
1299,0.9846153846153847,0.017936985784539797
1300,0.9846153846153847,0.01791210323512525
1301,0.9846153846153847,0.01788793627849819
1302,0.9846153846153847,0.017861561750104525
1303,0.9846153846153847,0.01783822782204253
1304,0.9846153846153847,0.017812070455992028
1305,0.9846153846153847,0.017788739637922567
1306,0.9846153846153847,0.01776128140201752
1307,0.9846153846153847,0.017739205545881466
1308,0.9846153846153847,0.01771296727893713
1309,0.9846153846153847,0.017689592824430993
1310,0.9846153846153847,0.0176643396934758
1311,0.9846153846153847,0.01764062283588816
1312,0.9846153846153847,0.01761523414678471
1313,0.9846153846153847,0.017591875842079156
1314,0.9846153846153847,0.017565502018998463
1315,0.9846153846153847,0.017542699105663927
1316,0.9846153846153847,0.017516346127190528
1317,0.9846153846153847,0.017491853386361902
1318,0.9846153846153847,0.017468089463046853
1319,0.9846153846153847,0.017443574508019113
1320,0.9846153846153847,0.01741869058903526
1321,0.9846153846153847,0.017395665467851196
1322,0.9846153846153847,0.01737090596564789
1323,0.9846153846153847,0.01734658061929873
1324,0.9846153846153847,0.01732281443319668
1325,0.9846153846153847,0.017297523461592006
1326,0.9846153846153847,0.017274345082700954
1327,0.9846153846153847,0.017250300283770333
1328,0.9846153846153847,0.017226864571540462
1329,0.9846153846153847,0.017202670123720017
1330,0.9846153846153847,0.017179756912541606
1331,0.9846153846153847,0.017155207164456735
1332,0.9846153846153847,0.017132035879973587
1333,0.9846153846153847,0.017107643127113794
1334,0.9846153846153847,0.01708383809880383
1335,0.9846153846153847,0.017060177582939325
1336,0.9846153846153847,0.017036605536924283
1337,0.9846153846153847,0.017012540794671373
1338,0.9846153846153847,0.0169890126696843
1339,0.9846153846153847,0.016965221279282645
1340,0.9846153846153847,0.016941620001776455
1341,0.9846153846153847,0.016918083375045096
1342,0.9846153846153847,0.016894983476161453
1343,0.9846153846153847,0.01687106800372729
1344,0.9846153846153847,0.016848931572091518
1345,0.9846153846153847,0.016824807444247105
1346,0.9846153846153847,0.016802445040497
1347,0.9846153846153847,0.01677836601406123
1348,0.9846153846153847,0.016755657316825677
1349,0.9846153846153847,0.016732514248377503
1350,0.9846153846153847,0.016708599305131775
1351,0.9846153846153847,0.016686862824834642
1352,0.9846153846153847,0.01666274109707808
1353,0.9846153846153847,0.01664044282683581
1354,0.9846153846153847,0.01661583347122021
1355,0.9846153846153847,0.01659394474506007
1356,0.9846153846153847,0.01657027285389816
1357,0.9846153846153847,0.016548980961913578
1358,0.9846153846153847,0.016526461293373124
1359,0.9846153846153847,0.01650522478346965
1360,0.9846153846153847,0.01648227942455416
1361,0.9846153846153847,0.01646176632590348
1362,0.9846153846153847,0.016439213828588012
1363,0.9846153846153847,0.01641830437655389
1364,0.9846153846153847,0.01639558762771299
1365,0.9846153846153847,0.01637352842349665
1366,0.9846153846153847,0.016351714242096603
1367,0.9846153846153847,0.016329995530978303
1368,0.9846153846153847,0.01630779193445585
1369,0.9846153846153847,0.01628645442796549
1370,0.9846153846153847,0.01626429512212689
1371,0.9846153846153847,0.01624306241786772
1372,0.9846153846153847,0.01622169658785027
1373,0.9846153846153847,0.016201006616484204
1374,0.9846153846153847,0.01617847705358811
1375,0.9846153846153847,0.01615834282506087
1376,0.9846153846153847,0.01613677195313547
1377,0.9846153846153847,0.01611604173514573
1378,0.9846153846153847,0.01609327831722379
1379,0.9846153846153847,0.01607279349643547
1380,0.9846153846153847,0.016050664787382027
1381,0.9846153846153847,0.016030674367569858
1382,0.9846153846153847,0.016007748104340223
1383,0.9846153846153847,0.01598753753735909
1384,0.9846153846153847,0.015966399330939806
1385,0.9846153846153847,0.015945949079622636
1386,0.9846153846153847,0.015924751136734857
1387,0.9846153846153847,0.01590362763868342
1388,0.9846153846153847,0.015883678602426607
1389,0.9846153846153847,0.015862227840322516
1390,0.9846153846153847,0.015842017271183652
1391,0.9846153846153847,0.01582094288059215
1392,0.9846153846153847,0.01580045235817151
1393,0.9846153846153847,0.015778277974677096
1394,0.9846153846153847,0.01575873943105406
1395,0.9846153846153847,0.015737623429486293
1396,0.9846153846153847,0.015717176433244988
1397,0.9846153846153847,0.01569619086093376
1398,0.9846153846153847,0.015676466387367985
1399,0.9846153846153847,0.015655820684681458
1400,0.9846153846153847,0.015635266208735663
1401,0.9846153846153847,0.015616215619128177
1402,0.9846153846153847,0.01559504172364143
1403,0.9846153846153847,0.015574872828933942
1404,0.9846153846153847,0.015555476598793016
1405,0.9846153846153847,0.015535356674573281
1406,0.9846153846153847,0.015515228071433221
1407,0.9846153846153847,0.0154958718420313
1408,0.9846153846153847,0.015475718018198114
1409,0.9846153846153847,0.015455516296247319
1410,0.9846153846153847,0.01543602411614658
1411,0.9846153846153847,0.015416459856927484
1412,0.9846153846153847,0.015395533431932706
1413,0.9846153846153847,0.015376965455584134
1414,0.9846153846153847,0.015356629027056735
1415,0.9846153846153847,0.01533618034472415
1416,0.9846153846153847,0.015317467967689383
1417,0.9846153846153847,0.015296892474039555
1418,0.9846153846153847,0.015277615739159119
1419,0.9846153846153847,0.015257397782692113
1420,0.9846153846153847,0.015238897508997581
1421,0.9846153846153847,0.01521846829269499
1422,0.9846153846153847,0.015199225060308465
1423,0.9846153846153847,0.015180095944131054
1424,0.9846153846153847,0.015160586020638777
1425,0.9846153846153847,0.015140415201614294
1426,0.9846153846153847,0.015121134844822262
1427,0.9846153846153847,0.01510227319265253
1428,0.9846153846153847,0.0150831446084795
1429,0.9846153846153847,0.015064080616994085
1430,0.9846153846153847,0.015044529112189486
1431,0.9846153846153847,0.015025349825531194
1432,0.9846153846153847,0.015006663059979905
1433,0.9846153846153847,0.014987192621163499
1434,0.9846153846153847,0.014967431337553357
1435,0.9846153846153847,0.014948767500602311
1436,0.9846153846153847,0.014929695588930755
1437,0.9846153846153847,0.014910782746184228
1438,0.9846153846153847,0.014892409810756155
1439,0.9846153846153847,0.014872892066649861
1440,0.9846153846153847,0.014853604437087303
1441,0.9846153846153847,0.014835978511161295
1442,0.9846153846153847,0.014816988160985232
1443,0.9846153846153847,0.014798097809121367
1444,0.9846153846153847,0.014779295058572187
1445,0.9846153846153847,0.014760506731382529
1446,0.9846153846153847,0.014742863670121594
1447,0.9846153846153847,0.014723826146356011
1448,0.9846153846153847,0.014705384117044591
1449,0.9846153846153847,0.014686917535610581
1450,0.9846153846153847,0.014667664558173242
1451,0.9846153846153847,0.01464931336939419
1452,0.9846153846153847,0.01463168585983084
1453,0.9846153846153847,0.014613536762849025
1454,0.9846153846153847,0.01459479010266634
1455,0.9846153846153847,0.014575677967928614
1456,0.9846153846153847,0.014556998413956173
1457,0.9846153846153847,0.014538772732229952
1458,0.9846153846153847,0.014519943777558388
1459,0.9846153846153847,0.01450216883935465
1460,0.9846153846153847,0.014484257960031941
1461,0.9846153846153847,0.014466029531631086
1462,0.9846153846153847,0.01444747176483747
1463,0.9846153846153847,0.01442946563487676
1464,0.9846153846153847,0.014411412432206505
1465,0.9846153846153847,0.014394072985797285
1466,0.9846153846153847,0.01437515711587944
1467,0.9846153846153847,0.01435789773128408
1468,0.9846153846153847,0.014339732811793038
1469,0.9846153846153847,0.01432211449253222
1470,0.9846153846153847,0.01430521829441043
1471,0.9846153846153847,0.014286436706980736
1472,0.9846153846153847,0.014269886443643631
1473,0.9846153846153847,0.014251874407328355
1474,0.9846153846153847,0.014233741548299202
1475,0.9846153846153847,0.014217216927636573
1476,0.9846153846153847,0.014199197097533867
1477,0.9846153846153847,0.014182026834034595
1478,0.9846153846153847,0.014163989018406707
1479,0.9846153846153847,0.014147223675802685
1480,0.9846153846153847,0.01412998732459436
1481,0.9846153846153847,0.014113049504843163
1482,0.9846153846153847,0.014094485211255852
1483,0.9846153846153847,0.0140769418572438
1484,0.9846153846153847,0.014059483178096334
1485,0.9846153846153847,0.01404251699379203
1486,0.9846153846153847,0.014024436588665755
1487,0.9846153846153847,0.014007973436110205
1488,0.9846153846153847,0.013989974369248285
1489,0.9846153846153847,0.013973731597586466
1490,0.9846153846153847,0.013955567899409119
1491,0.9846153846153847,0.013939270201041238
1492,0.9846153846153847,0.013921807229258272
1493,0.9846153846153847,0.01390435376161842
1494,0.9846153846153847,0.013887192233765517
1495,0.9846153846153847,0.013869725451180554
1496,0.9846153846153847,0.013852548712341203
1497,0.9846153846153847,0.013834569001460207
1498,0.9846153846153847,0.013818132811967388
1499,0.9846153846153847,0.01380067226587106
1500,0.9846153846153847,0.013783471435934351
1501,0.9846153846153847,0.013767020666759227
1502,0.9846153846153847,0.013749674532109433
1503,0.9846153846153847,0.013733172546515468
1504,0.9846153846153847,0.013716920840858364
1505,0.9846153846153847,0.013700146898736292
1506,0.9846153846153847,0.01368227785151101
1507,0.9846153846153847,0.013667485942674145
1508,0.9846153846153847,0.01364908473891358
1509,0.9846153846153847,0.013633259131463031
1510,0.9846153846153847,0.013616949668068732
1511,0.9846153846153847,0.013599992429944613
1512,0.9846153846153847,0.01358420375392921
1513,0.9846153846153847,0.013567394405489454
1514,0.9846153846153847,0.013550154559998086
1515,0.9846153846153847,0.013535145603965482
1516,0.9846153846153847,0.013517893932254192
1517,0.9846153846153847,0.013502010414725466
1518,0.9846153846153847,0.01348581710826451
1519,0.9846153846153847,0.013470016713182958
1520,0.9846153846153847,0.01345287330748559
1521,0.9846153846153847,0.013437141851864278
1522,0.9846153846153847,0.013420671052083631
1523,0.9846153846153847,0.013405438812303343
1524,0.9846153846153847,0.013388475634414919
1525,0.9846153846153847,0.01337373122107508
1526,0.9846153846153847,0.013356016487486886
1527,0.9846153846153847,0.013341062728950746
1528,0.9846153846153847,0.01332450889117111
1529,0.9846153846153847,0.013310120723817796
1530,0.9846153846153847,0.013292091859695416
1531,0.9846153846153847,0.013277491568826958
1532,0.9846153846153847,0.013259151978512506
1533,0.9846153846153847,0.013245606625884502
1534,0.9846153846153847,0.01322856799482838
1535,0.9846153846153847,0.013213242407956587
1536,0.9846153846153847,0.01319733240742238
1537,0.9846153846153847,0.013181976333365111
1538,0.9846153846153847,0.01316455981247095
1539,0.9846153846153847,0.013150347661653438
1540,0.9846153846153847,0.013134219345799208
1541,0.9846153846153847,0.013119258488904528
1542,0.9846153846153847,0.013103825286621785
1543,0.9846153846153847,0.013087762516112657
1544,0.9846153846153847,0.013073336078459554
1545,0.9846153846153847,0.013057461969958276
1546,0.9846153846153847,0.013042459947909668
1547,0.9846153846153847,0.01302767983360857
1548,0.9846153846153847,0.013011434022993896
1549,0.9846153846153847,0.012996692380160128
1550,0.9846153846153847,0.012981370933412653
1551,0.9846153846153847,0.012966251852098524
1552,0.9846153846153847,0.012950059936273538
1553,0.9846153846153847,0.012935647323486692
1554,0.9846153846153847,0.012919980234210248
1555,0.9846153846153847,0.012906081038236124
1556,0.9846153846153847,0.01289022575644273
1557,0.9846153846153847,0.01287439603353918
1558,0.9846153846153847,0.012861409725483634
1559,0.9846153846153847,0.012843825498751326
1560,0.9846153846153847,0.012830740037381565
1561,0.9846153846153847,0.012815207529261111
1562,0.9846153846153847,0.012799838743073262
1563,0.9846153846153847,0.012785594761798238
1564,0.9846153846153847,0.012770684070345944
1565,0.9846153846153847,0.012756395825015936
1566,0.9846153846153847,0.012741305285752772
1567,0.9846153846153847,0.012725764233939481
1568,0.9846153846153847,0.01271161793868941
1569,0.9846153846153847,0.012695530605059811
1570,0.9846153846153847,0.012681785050754743
1571,0.9846153846153847,0.012667584459795211
1572,0.9846153846153847,0.012651636783623294
1573,0.9846153846153847,0.012638129440150152
1574,0.9846153846153847,0.012622440763553648
1575,0.9846153846153847,0.012609435788206216
1576,0.9846153846153847,0.01259437372314286
1577,0.9846153846153847,0.012579461275246168
1578,0.9846153846153847,0.012564902576258011
1579,0.9846153846153847,0.012551052740962462
1580,0.9846153846153847,0.01253695347453382
1581,0.982051282051282,0.012522822760220619
1582,0.982051282051282,0.012507365756486831
1583,0.982051282051282,0.012493528216672328
1584,0.982051282051282,0.012478515328684475
1585,0.982051282051282,0.01246478663905772
1586,0.982051282051282,0.01245065456071447
1587,0.982051282051282,0.01243535895268049
1588,0.982051282051282,0.012422121368154107
1589,0.982051282051282,0.012406804769586511
1590,0.982051282051282,0.012393978223097629
1591,0.982051282051282,0.012377875878201088
1592,0.982051282051282,0.012365276504723783
1593,0.982051282051282,0.01235055859788043
1594,0.982051282051282,0.01233631766301576
1595,0.982051282051282,0.012322467115219908
1596,0.982051282051282,0.01230831245962854
1597,0.982051282051282,0.012294791272815752
1598,0.982051282051282,0.012279559740741361
1599,0.982051282051282,0.012265889654906116
1600,0.982051282051282,0.012251721972125285
1601,0.982051282051282,0.012238626709113768
1602,0.982051282051282,0.012224638691077885
1603,0.982051282051282,0.012210033672521327
1604,0.982051282051282,0.01219665054551426
1605,0.982051282051282,0.012183318349308242
1606,0.982051282051282,0.012168314651529058
1607,0.982051282051282,0.012156504036836142
1608,0.982051282051282,0.012140665251607336
1609,0.982051282051282,0.012128678394409585
1610,0.982051282051282,0.012112885373854344
1611,0.982051282051282,0.012101347662482139
1612,0.982051282051282,0.012086199941013745
1613,0.982051282051282,0.012073584115005084
1614,0.982051282051282,0.012058341571615163
1615,0.982051282051282,0.012046966543463287
1616,0.982051282051282,0.012031712721587935
1617,0.982051282051282,0.012019644825817077
1618,0.982051282051282,0.012004282955116291
1619,0.982051282051282,0.011992264297625763
1620,0.982051282051282,0.01197690053869782
1621,0.982051282051282,0.011964684358872575
1622,0.982051282051282,0.011951326480266013
1623,0.982051282051282,0.011938692857935458
1624,0.982051282051282,0.011924294503141647
1625,0.982051282051282,0.011912233482520438
1626,0.982051282051282,0.01189724098573951
1627,0.982051282051282,0.011885653683004956
1628,0.982051282051282,0.011870840719044123
1629,0.982051282051282,0.011858977617121113
1630,0.982051282051282,0.011843949190714333
1631,0.982051282051282,0.011832387463185783
1632,0.982051282051282,0.011818256901704908
1633,0.982051282051282,0.011806631467216411
1634,0.982051282051282,0.011790572568615803
1635,0.982051282051282,0.011779861530567329
1636,0.982051282051282,0.011765226383256581
1637,0.982051282051282,0.011753799021472677
1638,0.982051282051282,0.011738816566965824
1639,0.982051282051282,0.011727381607033295
1640,0.982051282051282,0.01171184216821185
1641,0.982051282051282,0.011701586921468929
1642,0.982051282051282,0.011685996558631633
1643,0.982051282051282,0.011675777702010644
1644,0.982051282051282,0.011660507280982495
1645,0.982051282051282,0.011649175317318952
1646,0.982051282051282,0.011633899170038365
1647,0.982051282051282,0.011623775915497278
1648,0.982051282051282,0.011609379367017557
1649,0.982051282051282,0.011596884374470913
1650,0.982051282051282,0.011583372130561119
1651,0.982051282051282,0.011570672176740666
1652,0.982051282051282,0.011556901659532801
1653,0.982051282051282,0.011546337949069866
1654,0.982051282051282,0.011532580206889652
1655,0.982051282051282,0.011520948172728683
1656,0.982051282051282,0.01150604105168528
1657,0.982051282051282,0.011495799294508419
1658,0.982051282051282,0.011481083777261869
1659,0.982051282051282,0.011469964218342546
1660,0.982051282051282,0.011455839051660192
1661,0.982051282051282,0.01144507477718848
1662,0.982051282051282,0.011430466540214984
1663,0.982051282051282,0.011420203643092422
1664,0.982051282051282,0.011405834660582701
1665,0.982051282051282,0.011394769116200722
1666,0.982051282051282,0.011380481905576927
1667,0.982051282051282,0.011369941871330178
1668,0.982051282051282,0.011355367568468592
1669,0.982051282051282,0.011344273453075145
1670,0.982051282051282,0.011330990406766144
1671,0.982051282051282,0.011319272992485958
1672,0.982051282051282,0.011305907758674027
1673,0.982051282051282,0.011295269438328584
1674,0.982051282051282,0.011281517771863843
1675,0.982051282051282,0.011271292526229236
1676,0.982051282051282,0.011256934349415207
1677,0.982051282051282,0.011246637209710515
1678,0.982051282051282,0.011231951056265144
1679,0.982051282051282,0.011221759434269668
1680,0.982051282051282,0.011208105704804397
1681,0.982051282051282,0.011198809305809018
1682,0.982051282051282,0.01118371551989461
1683,0.982051282051282,0.011173792565433101
1684,0.982051282051282,0.011159149835706195
1685,0.982051282051282,0.01115032383847622
1686,0.982051282051282,0.01113545744384726
1687,0.982051282051282,0.01112591903459347
1688,0.982051282051282,0.01111050841007188
1689,0.982051282051282,0.011102215331995362
1690,0.982051282051282,0.01108660887515898
1691,0.982051282051282,0.011078807809559391
1692,0.982051282051282,0.011062328924618427
1693,0.982051282051282,0.011054369385617399
1694,0.982051282051282,0.011038247230547877
1695,0.982051282051282,0.011029645743352882
1696,0.982051282051282,0.011014141834540345
1697,0.982051282051282,0.011006359441425412
1698,0.982051282051282,0.01099100940479374
1699,0.982051282051282,0.01098248285406293
1700,0.982051282051282,0.01096662790023081
1701,0.982051282051282,0.010958187021843414
1702,0.982051282051282,0.010942705365487543
1703,0.982051282051282,0.010935904809785185
1704,0.982051282051282,0.010918472150839915
1705,0.982051282051282,0.010911005703053114
1706,0.982051282051282,0.010895618480257212
1707,0.982051282051282,0.010888295541941942
1708,0.982051282051282,0.010872418187398985
1709,0.982051282051282,0.010865109475947448
1710,0.982051282051282,0.01084873405524059
1711,0.982051282051282,0.010842030832087995
1712,0.982051282051282,0.01082415456021605
1713,0.982051282051282,0.010818922339789183
1714,0.982051282051282,0.010800916675797445
1715,0.982051282051282,0.010796517208219872
1716,0.982051282051282,0.010777452763667938
1717,0.982051282051282,0.010774090599707471
1718,0.982051282051282,0.010756065043889982
1719,0.982051282051282,0.01075156902419453
1720,0.982051282051282,0.010732412855565738
1721,0.982051282051282,0.010730056034287921
1722,0.982051282051282,0.010710257435641062
1723,0.982051282051282,0.01070847309209454
1724,0.982051282051282,0.010686613023066378
1725,0.982051282051282,0.010686320848590884
1726,0.982051282051282,0.010664083251577625
1727,0.982051282051282,0.010664194575672198
1728,0.982051282051282,0.010641053644897635
1729,0.982051282051282,0.010642351297423877
1730,0.982051282051282,0.0106192494144496
1731,0.982051282051282,0.010620295620712246
1732,0.982051282051282,0.010595934172272737
1733,0.982051282051282,0.010599183011801612
1734,0.982051282051282,0.01057225091828688
1735,0.982051282051282,0.010578355195339305
1736,0.982051282051282,0.010550034167571729
1737,0.982051282051282,0.010557289097560015
1738,0.982051282051282,0.010527203410348133
1739,0.982051282051282,0.010536396152934002
1740,0.982051282051282,0.010504429662500111
1741,0.982051282051282,0.010515183938967842
1742,0.982051282051282,0.010480751625338286
1743,0.982051282051282,0.010494643169672453
1744,0.982051282051282,0.010458695882076504
1745,0.982051282051282,0.010474722970180709
1746,0.982051282051282,0.010434903772460863
1747,0.982051282051282,0.01045397075633606
1748,0.982051282051282,0.010412132528081888
1749,0.982051282051282,0.010435789221020578
1750,0.982051282051282,0.01038893825360797
1751,0.982051282051282,0.010417137054004069
1752,0.9846153846153847,0.010365278420355761
1753,0.982051282051282,0.010398786641597995
1754,0.9846153846153847,0.010342770205721977
1755,0.982051282051282,0.010381471439102376
1756,0.9846153846153847,0.010319210964724813
1757,0.982051282051282,0.010365103550600809
1758,0.9846153846153847,0.01029756018686125
1759,0.982051282051282,0.0103507651260735
1760,0.9846153846153847,0.010276102169434276
1761,0.982051282051282,0.010338100456832668
1762,0.9846153846153847,0.010253555920967545
1763,0.982051282051282,0.01032582721605308
1764,0.9846153846153847,0.010231248644700167
1765,0.982051282051282,0.01031680283266917
1766,0.9846153846153847,0.010211430769787441
1767,0.982051282051282,0.010312559574874933
1768,0.9846153846153847,0.010194033752616549
1769,0.982051282051282,0.010313370016910703
1770,0.9846153846153847,0.010179397732658467
1771,0.982051282051282,0.010322781295996071
1772,0.9846153846153847,0.01017190165243663
1773,0.9769230769230769,0.01034736772127988
1774,0.9846153846153847,0.010178086850720245
1775,0.9769230769230769,0.01039882231623877
1776,0.9846153846153847,0.010211897857117715
1777,0.9769230769230769,0.010500652429542194
1778,0.982051282051282,0.010302583050819344
1779,0.9769230769230769,0.010700129881214342
1780,0.982051282051282,0.010496839419725077
1781,0.9743589743589743,0.011054362452196567
1782,0.9794871794871794,0.010806586423752639
1783,0.9717948717948718,0.011488079334699551
1784,0.9769230769230769,0.0110155398068585
1785,0.9717948717948718,0.011513037445000108
1786,0.9769230769230769,0.010642228546497302
1787,0.9743589743589743,0.010755531124650887
1788,0.982051282051282,0.009974024703418826
1789,0.982051282051282,0.010227470762227011
1790,0.982051282051282,0.010273839787644784
1791,0.9846153846153847,0.01016822764536356
1792,0.982051282051282,0.00993140572693535
1793,0.982051282051282,0.010104784961405999
1794,0.9846153846153847,0.009931446139898057
1795,0.982051282051282,0.009967666209630924
1796,0.982051282051282,0.009943540755359706
1797,0.982051282051282,0.009928796248397934
1798,0.982051282051282,0.009898241746195566
1799,0.982051282051282,0.00991220642614621
1800,0.982051282051282,0.009881001722458213
1801,0.982051282051282,0.009880878014988341
1802,0.982051282051282,0.009866762706263158
1803,0.982051282051282,0.009861053839313714
1804,0.982051282051282,0.00984484405675463
1805,0.982051282051282,0.009840210004939476
1806,0.982051282051282,0.0098266907158615
1807,0.982051282051282,0.009818519558928882
1808,0.982051282051282,0.009807118718788173
1809,0.982051282051282,0.009798756297318951
1810,0.982051282051282,0.009787785736286893
1811,0.982051282051282,0.009780015397422293
1812,0.982051282051282,0.009769152602916806
1813,0.982051282051282,0.009759993019415332
1814,0.982051282051282,0.00975076628266102
1815,0.982051282051282,0.009741709427881065
1816,0.982051282051282,0.009731640309397858
1817,0.982051282051282,0.009723541502458634
1818,0.982051282051282,0.009713474550253795
1819,0.982051282051282,0.00970436645557343
1820,0.982051282051282,0.009694515904889841
1821,0.982051282051282,0.009686337485629207
1822,0.982051282051282,0.009676373108039114
1823,0.982051282051282,0.009668114074109979
1824,0.982051282051282,0.00965841450523428
1825,0.982051282051282,0.009649277599718254
1826,0.982051282051282,0.009639670515968132
1827,0.982051282051282,0.009631306344761998
1828,0.982051282051282,0.009621297859886106
1829,0.982051282051282,0.009612777039041592
1830,0.982051282051282,0.009603989938297794
1831,0.982051282051282,0.009594228964564333
1832,0.982051282051282,0.009585693017929922
1833,0.982051282051282,0.009575909360989418
1834,0.982051282051282,0.009567769589639466
1835,0.982051282051282,0.009557979061268079
1836,0.982051282051282,0.00954994879509249
1837,0.982051282051282,0.009539922202458227
1838,0.982051282051282,0.009531632071971741
1839,0.982051282051282,0.00952206009894482
1840,0.982051282051282,0.00951382741232376
1841,0.982051282051282,0.009503730483667795
1842,0.982051282051282,0.009496976678331406
1843,0.982051282051282,0.009486178909447378
1844,0.982051282051282,0.00947858484326057
1845,0.982051282051282,0.009469593652737746
1846,0.982051282051282,0.009460249396110424
1847,0.982051282051282,0.009452032490750537
1848,0.982051282051282,0.009442941990581093
1849,0.982051282051282,0.009433878222424462
1850,0.982051282051282,0.009425082193834025
1851,0.982051282051282,0.009417563804378798
1852,0.982051282051282,0.009407494766376496
1853,0.982051282051282,0.00939959521658705
1854,0.982051282051282,0.009389507249449402
1855,0.982051282051282,0.009381102681184174
1856,0.982051282051282,0.009372657105624108
1857,0.982051282051282,0.00936331322827489
1858,0.982051282051282,0.00935488858260276
1859,0.982051282051282,0.009345685208186365
1860,0.982051282051282,0.009336899634933123
1861,0.982051282051282,0.009328931806314911
1862,0.982051282051282,0.0093191839667962
1863,0.982051282051282,0.009310136077658484
1864,0.982051282051282,0.00930275324918061
1865,0.982051282051282,0.009293346741803767
1866,0.982051282051282,0.009285799696884221
1867,0.982051282051282,0.009276198978844045
1868,0.982051282051282,0.009268037343752764
1869,0.982051282051282,0.009259413247677551
1870,0.982051282051282,0.00925039492295842
1871,0.982051282051282,0.009241448573150866
1872,0.982051282051282,0.00923341303782989
1873,0.982051282051282,0.009224654131618335
1874,0.982051282051282,0.009215892760562974
1875,0.982051282051282,0.009206878458053064
1876,0.982051282051282,0.009198744714708017
1877,0.982051282051282,0.009189891296721662
1878,0.982051282051282,0.009181933118579875
1879,0.982051282051282,0.00917229670796684
1880,0.982051282051282,0.009165177521523328
1881,0.982051282051282,0.009155126714783107
1882,0.982051282051282,0.009147927183756364
1883,0.982051282051282,0.009138123727915002
1884,0.982051282051282,0.009130681755657191
1885,0.982051282051282,0.00912177059204088
1886,0.982051282051282,0.00911295297487524
1887,0.982051282051282,0.009104325196941406
1888,0.982051282051282,0.009096519446819426
1889,0.982051282051282,0.009087709908889604
1890,0.982051282051282,0.009080009556507562
1891,0.982051282051282,0.00906990772972742
1892,0.982051282051282,0.009062909599991557
1893,0.982051282051282,0.009053706641564702
1894,0.982051282051282,0.009046102244898296
1895,0.982051282051282,0.009037584373997556
1896,0.982051282051282,0.009028518216380226
1897,0.982051282051282,0.009020024014145126
1898,0.982051282051282,0.009011365428122451
1899,0.982051282051282,0.009003119768552816
1900,0.982051282051282,0.008994816749054063
1901,0.982051282051282,0.008985527260050162
1902,0.982051282051282,0.00897878215715022
1903,0.982051282051282,0.008969459769578724
1904,0.982051282051282,0.008960894887026363
1905,0.982051282051282,0.00895373460079138
1906,0.982051282051282,0.008944602879944351
1907,0.982051282051282,0.008935942721603906
1908,0.982051282051282,0.008928963502889234
1909,0.982051282051282,0.008919784733808096
1910,0.982051282051282,0.008911262292207036
1911,0.982051282051282,0.00890375476328998
1912,0.982051282051282,0.008895203862018456
1913,0.982051282051282,0.00888756840300065
1914,0.982051282051282,0.008878965735137875
1915,0.982051282051282,0.008871059585478054
1916,0.982051282051282,0.00886256076041011
1917,0.982051282051282,0.008853826192613847
1918,0.982051282051282,0.008846683969804727
1919,0.982051282051282,0.008836931210497726
1920,0.982051282051282,0.008830947841041782
1921,0.982051282051282,0.008822348671459779
1922,0.982051282051282,0.008813100786279632
1923,0.982051282051282,0.008805618694284542
1924,0.982051282051282,0.008796552417640624
1925,0.982051282051282,0.00878982588630691
1926,0.982051282051282,0.0087812698785369
1927,0.982051282051282,0.008773070931254184
1928,0.982051282051282,0.008765602403236122
1929,0.982051282051282,0.008756899221207561
1930,0.982051282051282,0.008749246186129093
1931,0.982051282051282,0.008741006615148697
1932,0.982051282051282,0.008731954813025519
1933,0.982051282051282,0.008725635083680752
1934,0.982051282051282,0.008716774287430793
1935,0.982051282051282,0.008709028906589481
1936,0.982051282051282,0.008701475147107958
1937,0.982051282051282,0.008693241614463195
1938,0.982051282051282,0.008685450188037501
1939,0.982051282051282,0.008677206097473217
1940,0.982051282051282,0.008670119659083392
1941,0.982051282051282,0.008661228461017424
1942,0.982051282051282,0.008652709855644604
1943,0.982051282051282,0.008644999717662489
1944,0.982051282051282,0.008638141523399057
1945,0.982051282051282,0.00863034607475579
1946,0.982051282051282,0.008620976367517179
1947,0.982051282051282,0.00861459331293942
1948,0.982051282051282,0.00860549158295816
1949,0.982051282051282,0.008598813588391712
1950,0.982051282051282,0.008591275648448636
1951,0.982051282051282,0.008582019644273643
1952,0.982051282051282,0.008575442651680013
1953,0.982051282051282,0.008566704031693113
1954,0.982051282051282,0.008559316409983484
1955,0.982051282051282,0.008551086241209089
1956,0.982051282051282,0.008544085193114769
1957,0.982051282051282,0.008536126124948529
1958,0.982051282051282,0.00852733035700262
1959,0.982051282051282,0.0085209587089201
1960,0.982051282051282,0.008512296538749214
1961,0.982051282051282,0.008504253139612955
1962,0.982051282051282,0.008497969270506719
1963,0.982051282051282,0.008488485891453899
1964,0.982051282051282,0.008481862496869228
1965,0.982051282051282,0.008474188813502965
1966,0.982051282051282,0.008466116247823195
1967,0.982051282051282,0.008458477595300603
1968,0.982051282051282,0.008451354387143076
1969,0.982051282051282,0.008443679830920148
1970,0.982051282051282,0.008435562015205244
1971,0.982051282051282,0.008428754477245538
1972,0.982051282051282,0.008420486396178904
1973,0.982051282051282,0.008413686668749287
1974,0.982051282051282,0.008405985282432802
1975,0.982051282051282,0.008398278391155891
1976,0.982051282051282,0.008390419400940211
1977,0.982051282051282,0.008383394830167696
1978,0.982051282051282,0.008375471253621678
1979,0.982051282051282,0.00836835408751818
1980,0.982051282051282,0.008360469161384351
1981,0.982051282051282,0.008353714352127211
1982,0.982051282051282,0.0083449908129455
1983,0.982051282051282,0.008338497758192035
1984,0.982051282051282,0.00833014448773965
1985,0.982051282051282,0.00832269319269688
1986,0.982051282051282,0.008316390886488249
1987,0.982051282051282,0.00830807755625482
1988,0.982051282051282,0.008300664828091647
1989,0.982051282051282,0.008293480609314499
1990,0.982051282051282,0.0082852401778397
1991,0.982051282051282,0.008278704307659781
1992,0.982051282051282,0.00827165315482216
1993,0.982051282051282,0.008263671372935006
1994,0.982051282051282,0.008256513333367554
1995,0.982051282051282,0.008249085129776491
1996,0.982051282051282,0.008242123149290952
1997,0.982051282051282,0.008234630555053826
1998,0.982051282051282,0.008227136020246013
1999,0.982051282051282,0.008219587572237437
